date,temperature,humidity,positive_case(domestic),positive_case(overseas),max_num_hangout,num_tested(domestic),num_tested(overseas),num_from_holiday,AZ,Pfizer,Jansen,Moderna
2020-02-19,1,56.8,34,0,6,,,8,0,0,0,0
2020-02-20,4.6,62.6,16,0,6,,,9,0,0,0,0
2020-02-21,6.7,66.3,74,0,6,,,10,0,0,0,0
2020-02-22,4,62,190,0,6,,,11,0,0,0,0
2020-02-23,2.5,48.6,209,1,6,,,12,0,0,0,0
2020-02-24,7,51.8,206,1,6,,,13,0,0,0,0
2020-02-25,6.7,73.5,129,1,6,,,14,0,0,0,0
2020-02-26,6.4,59.6,252,1,6,,,15,0,0,0,0
2020-02-27,6.1,54,447,2,6,,,16,0,0,0,0
2020-02-28,4.5,79.4,427,0,6,,,17,0,0,0,0
2020-02-29,7.7,68.6,909,0,6,,,18,0,0,0,0
2020-03-01,5.8,71.8,593,2,6,,,19,0,0,0,0
2020-03-02,3.4,55.3,684,2,6,,,20,0,0,0,0
2020-03-03,4.8,57,599,1,6,,,21,0,0,0,0
2020-03-04,2.2,53.4,516,0,6,,,22,0,0,0,0
2020-03-05,1.4,47.5,437,1,6,,,23,0,0,0,0
2020-03-06,3.7,46.8,518,0,6,,,24,0,0,0,0
2020-03-07,7,39.5,483,0,6,,,25,0,0,0,0
2020-03-08,9.3,43.8,366,1,6,,,26,0,0,0,0
2020-03-09,11.1,37.6,247,1,6,,,27,0,0,0,0
2020-03-10,6.4,78.4,131,0,6,,,28,0,0,0,0
2020-03-11,3.8,41.8,239,3,6,,,29,0,0,0,0
2020-03-12,6.8,49.8,112,2,6,,,30,0,0,0,0
2020-03-13,4.9,41,107,3,6,,,31,0,0,0,0
2020-03-14,3.6,48.1,102,5,6,,,32,0,0,0,0
2020-03-15,4,48.3,72,4,6,,,33,0,0,0,0
2020-03-16,3.6,42.4,70,4,6,,,34,0,0,0,0
2020-03-17,6.6,65.8,79,5,6,,,35,0,0,0,0
2020-03-18,10,45.8,80,13,6,,,36,0,0,0,0
2020-03-19,9.1,49,135,17,6,,,37,0,0,0,0
2020-03-20,8.8,39.6,73,14,6,,,0,0,0,0,0
2020-03-21,12.8,56.5,126,21,6,,,1,0,0,0,0
2020-03-22,11,37.5,77,21,6,,,2,0,0,0,0
2020-03-23,10.6,37.9,46,18,6,,,3,0,0,0,0
2020-03-24,11.4,35,46,30,6,,,4,0,0,0,0
2020-03-25,12.5,33.6,42,58,6,,,5,0,0,0,0
2020-03-26,14.8,53.8,56,48,6,,,6,0,0,0,0
2020-03-27,11.9,56.4,57,34,6,,,7,0,0,0,0
2020-03-28,7.7,17.9,90,56,6,,,8,0,0,0,0
2020-03-29,8.7,30.6,38,67,6,,,9,0,0,0,0
2020-03-30,10.2,38.4,35,43,6,,,10,0,0,0,0
2020-03-31,11.9,34.5,88,37,6,,,11,0,0,0,0
2020-04-01,11.3,35.6,56,45,6,,,12,0,0,0,0
2020-04-02,9.3,41.4,43,46,6,,,13,0,0,0,0
2020-04-03,10,53.8,37,49,6,,,14,0,0,0,0
2020-04-04,8.9,36.4,53,41,6,,,15,0,0,0,0
2020-04-05,7.2,29.5,31,50,6,,,16,0,0,0,0
2020-04-06,9.3,38.3,25,22,6,,,17,0,0,0,0
2020-04-07,10.6,56.6,23,24,6,,,18,0,0,0,0
2020-04-08,9.4,25.5,23,30,6,,,19,0,0,0,0
2020-04-09,8.9,44.6,13,26,6,,,20,0,0,0,0
2020-04-10,10.7,52.6,17,10,6,,,0,0,0,0,0
2020-04-11,9.9,63.8,16,14,6,,,1,0,0,0,0
2020-04-12,9.9,58.6,9,23,6,,,2,0,0,0,0
2020-04-13,12.4,39.4,10,15,6,,,3,0,0,0,0
2020-04-14,13,46.8,11,16,6,,,4,0,0,0,0
2020-04-15,13.2,39.8,13,14,6,,,5,0,0,0,0
2020-04-16,16,39.9,11,11,6,,,6,0,0,0,0
2020-04-17,12.5,77.8,7,15,6,,,7,0,0,0,0
2020-04-18,13.5,67.9,9,9,6,,,8,0,0,0,0
2020-04-19,12.3,75.8,2,6,6,,,9,0,0,0,0
2020-04-20,10,73,6,7,6,,,0,0,0,0,0
2020-04-21,7.4,49,4,5,6,,,1,0,0,0,0
2020-04-22,6,46.8,5,6,6,,,2,0,0,0,0
2020-04-23,7.9,47.8,4,4,6,,,3,0,0,0,0
2020-04-24,9.9,55.6,4,2,6,,,4,0,0,0,0
2020-04-25,13.1,54.4,5,5,6,,,5,0,0,0,0
2020-04-26,12.3,43.1,1,9,6,,,6,0,0,0,0
2020-04-27,12.9,49.8,3,7,6,,,7,0,0,0,0
2020-04-28,13.9,50,2,12,6,,,8,0,0,0,0
2020-04-29,14.9,48.6,4,5,6,,,0,0,0,0,0
2020-04-30,17.1,57.1,0,4,6,,,1,0,0,0,0
2020-05-01,20.2,73.6,1,8,6,,,2,0,0,0,0
2020-05-02,20.3,79.6,0,6,6,,,0,0,0,0,0
2020-05-03,21.8,68.8,3,10,6,,,0,0,0,0,0
2020-05-04,20.2,63.9,0,8,6,,,0,0,0,0,0
2020-05-05,16,67.9,0,3,6,,,0,0,0,0,0
2020-05-06,19.4,50,0,2,6,,,0,0,0,0,0
2020-05-07,20.7,32.5,1,3,6,,,1,0,0,0,0
2020-05-08,19.9,32.8,1,11,6,,,2,0,0,0,0
2020-05-09,14.2,94.4,17,1,6,,,3,0,0,0,0
2020-05-10,14.4,88.6,26,8,6,,,4,0,0,0,0
2020-05-11,16.5,61,29,6,6,,,5,0,0,0,0
2020-05-12,14.3,69.4,22,5,6,,,6,0,0,0,0
2020-05-13,16.1,47.3,22,4,6,,,7,0,0,0,0
2020-05-14,19.3,35.4,26,3,6,,,8,0,0,0,0
2020-05-15,16.1,81.4,22,5,6,,,9,0,0,0,0
2020-05-16,16.7,90.3,9,10,6,,,10,0,0,0,0
2020-05-17,19.1,80.1,6,7,6,,,11,0,0,0,0
2020-05-18,19.1,79.4,5,10,6,,,12,0,0,0,0
2020-05-19,13,73.6,9,4,6,,,13,0,0,0,0
2020-05-20,14.4,60.4,24,8,6,,,14,0,0,0,0
2020-05-21,17.4,56.1,10,2,6,,,15,0,0,0,0
2020-05-22,18.5,68.5,11,9,6,,,16,0,0,0,0
2020-05-23,20.1,66.1,19,4,6,,,17,0,0,0,0
2020-05-24,17.1,84.8,17,8,6,,,18,0,0,0,0
2020-05-25,16.6,81,13,3,6,,,19,0,0,0,0
2020-05-26,16.2,81.9,16,3,6,,,20,0,0,0,0
2020-05-27,17.4,68.5,37,3,6,,,21,0,0,0,0
2020-05-28,18.7,62.8,68,11,6,,,22,0,0,0,0
2020-05-29,20.7,65.6,55,3,6,,,23,0,0,0,0
2020-05-30,22.6,57.3,27,12,6,,,24,0,0,0,0
2020-05-31,21.2,63,15,12,6,,,25,0,0,0,0
2020-06-01,19.7,64.3,30,5,6,,,26,0,0,0,0
2020-06-02,17.9,71,36,2,6,,,27,0,0,0,0
2020-06-03,22,73.3,46,3,6,,,28,0,0,0,0
2020-06-04,21.9,81.1,33,6,6,,,29,0,0,0,0
2020-06-05,23,69.4,34,5,6,,,30,0,0,0,0
2020-06-06,24.6,63.6,43,8,6,,,31,0,0,0,0
2020-06-07,22.7,69.4,53,4,6,,,32,0,0,0,0
2020-06-08,25,63.6,32,5,6,,,33,0,0,0,0
2020-06-09,26.7,51.6,35,3,6,,,34,0,0,0,0
2020-06-10,25.8,63.8,43,7,6,,,35,0,0,0,0
2020-06-11,26.1,68.3,40,5,6,,,36,0,0,0,0
2020-06-12,24.7,68.6,43,13,6,,,37,0,0,0,0
2020-06-13,26.9,52.8,43,5,6,,,38,0,0,0,0
2020-06-14,24,70.6,31,3,6,,,39,0,0,0,0
2020-06-15,23,62.3,24,13,6,,,40,0,0,0,0
2020-06-16,24.4,63,21,13,6,,,41,0,0,0,0
2020-06-17,24.3,58.6,31,12,6,,,42,0,0,0,0
2020-06-18,23.4,61.4,51,8,6,,,43,0,0,0,0
2020-06-19,24.7,61.4,32,17,6,,,44,0,0,0,0
2020-06-20,24.9,62.6,36,31,6,,,45,0,0,0,0
2020-06-21,26.1,59.5,40,8,6,,,46,0,0,0,0
2020-06-22,28.6,50.5,11,6,6,,,47,0,0,0,0
2020-06-23,27.3,53.5,16,30,6,,,48,0,0,0,0
2020-06-24,22.3,83.5,30,21,6,,,49,0,0,0,0
2020-06-25,21.6,91,23,5,6,,,50,0,0,0,0
2020-06-26,21.8,82.1,26,13,6,,,51,0,0,0,0
2020-06-27,24.1,70.4,31,20,6,,,52,0,0,0,0
2020-06-28,25.2,70.5,40,22,6,,,53,0,0,0,0
2020-06-29,23.8,77,30,12,6,,,54,0,0,0,0
2020-06-30,20.1,83,22,20,6,,,55,0,0,0,0
2020-07-01,21.1,79.3,36,15,6,,,56,0,0,0,0
2020-07-02,24.2,74.5,44,10,6,,,57,0,0,0,0
2020-07-03,25.5,63.5,49,12,6,,,58,0,0,0,0
2020-07-04,24.2,63.9,36,27,6,,,59,0,0,0,0
2020-07-05,23.8,68.6,43,18,6,,,60,0,0,0,0
2020-07-06,25.6,66.6,24,24,6,,,61,0,0,0,0
2020-07-07,24.1,75.5,20,24,6,,,62,0,0,0,0
2020-07-08,25.5,71.9,30,32,6,,,63,0,0,0,0
2020-07-09,27.5,64.6,28,22,6,,,64,0,0,0,0
2020-07-10,24.5,75,23,22,6,,,65,0,0,0,0
2020-07-11,25.8,62.6,20,15,6,,,66,0,0,0,0
2020-07-12,23.5,71.9,21,23,6,,,67,0,0,0,0
2020-07-13,18.7,94.8,19,43,6,,,68,0,0,0,0
2020-07-14,20.3,79.4,14,19,6,,,69,0,0,0,0
2020-07-15,23.4,63.1,11,28,6,,,70,0,0,0,0
2020-07-16,25,70.9,14,47,6,,,71,0,0,0,0
2020-07-17,26,72,21,39,6,,,72,0,0,0,0
2020-07-18,26.1,71.6,11,28,6,,,73,0,0,0,0
2020-07-19,24,81.6,21,13,6,,,74,0,0,0,0
2020-07-20,23.8,86.3,4,22,6,,,75,0,0,0,0
2020-07-21,25,77,20,25,6,,,76,0,0,0,0
2020-07-22,23.7,89.3,29,34,6,,,77,0,0,0,0
2020-07-23,21.1,95.5,39,20,6,,,0,0,0,0,0
2020-07-24,22.5,74.3,28,13,6,,,0,0,0,0,0
2020-07-25,24.3,69.3,27,86,6,,,0,0,0,0,0
2020-07-26,25.4,69.3,12,46,6,,,0,0,0,0,0
2020-07-27,24.3,86.4,9,16,6,,,1,0,0,0,0
2020-07-28,24.4,84.8,5,23,6,,,2,0,0,0,0
2020-07-29,23.7,95.8,14,34,6,,,3,0,0,0,0
2020-07-30,25.3,85.5,7,11,6,,,4,0,0,0,0
2020-07-31,26.2,81.9,14,22,6,,,5,0,0,0,0
2020-08-01,25.3,90.9,8,23,6,,,6,0,0,0,0
2020-08-02,24.9,96.3,8,22,6,,,7,0,0,0,0
2020-08-03,25,96.3,3,20,6,,,8,0,0,0,0
2020-08-04,27,89.3,13,21,6,,,9,0,0,0,0
2020-08-05,26.5,92.1,13,20,6,,,10,0,0,0,0
2020-08-06,24.1,92.8,23,20,6,,,11,0,0,0,0
2020-08-07,24.3,85.3,9,11,6,,,0,0,0,0,0
2020-08-08,24.2,89.5,30,13,6,,,0,0,0,0,0
2020-08-09,24.9,95.4,30,6,6,,,0,0,0,0,0
2020-08-10,26.5,91.6,17,11,6,,,1,0,0,0,0
2020-08-11,24.6,92.5,23,11,6,,,2,0,0,0,0
2020-08-12,27.2,83.9,35,19,6,,,3,0,0,0,0
2020-08-13,28,82.4,47,9,6,,,4,0,0,0,0
2020-08-14,27.1,86.1,85,18,6,,,5,0,0,0,0
2020-08-15,26.1,96,154,12,6,,,6,0,0,0,0
2020-08-16,27.4,82.6,267,12,6,,,7,0,0,0,0
2020-08-17,28.2,77.9,188,9,6,,,8,0,0,0,0
2020-08-18,27.5,76.3,235,11,6,,,9,0,0,0,0
2020-08-19,27.1,76.8,283,14,6,,,10,0,0,0,0
2020-08-20,27.7,76,276,12,6,,,11,0,0,0,0
2020-08-21,26.6,83.1,315,9,6,,,12,0,0,0,0
2020-08-22,24.3,87.4,315,17,6,,,13,0,0,0,0
2020-08-23,25.3,78.4,386,10,6,,,14,0,0,0,0
2020-08-24,27.8,71.6,258,8,6,,,15,0,0,0,0
2020-08-25,29.9,69.5,264,16,6,,,16,0,0,0,0
2020-08-26,30.2,68.3,307,13,6,,,17,0,0,0,0
2020-08-27,27.1,84.6,434,7,6,,,18,0,0,0,0
2020-08-28,27.3,89.1,359,12,6,,,19,0,0,0,0
2020-08-29,26.8,90.1,308,15,6,,,20,0,0,0,0
2020-08-30,26.8,88.8,283,16,6,,,21,0,0,0,0
2020-08-31,26.4,77.9,238,10,6,,,22,0,0,0,0
2020-09-01,26.6,72.4,221,14,6,,,23,0,0,0,0
2020-09-02,24.3,91.3,253,14,6,,,24,0,0,0,0
2020-09-03,22.7,82,188,7,6,,,25,0,0,0,0
2020-09-04,23.3,63.9,188,10,6,,,26,0,0,0,0
2020-09-05,23.3,66.6,158,10,6,,,27,0,0,0,0
2020-09-06,21.7,80,152,15,6,,,28,0,0,0,0
2020-09-07,19.2,93.5,107,12,6,,,29,0,0,0,0
2020-09-08,23.4,71.5,120,16,6,,,30,0,0,0,0
2020-09-09,21.1,83.4,144,12,6,,,31,0,0,0,0
2020-09-10,22.8,75.8,140,15,6,,,32,0,0,0,0
2020-09-11,22.4,72.6,161,15,6,,,33,0,0,0,0
2020-09-12,20.2,83.8,118,18,6,,,34,0,0,0,0
2020-09-13,21.5,70.4,99,22,6,,,35,0,0,0,0
2020-09-14,21.3,79.3,98,11,6,,,36,0,0,0,0
2020-09-15,23,76.4,90,16,6,,,37,0,0,0,0
2020-09-16,22.5,79.9,105,8,6,,,38,0,0,0,0
2020-09-17,21.3,70.3,145,8,6,,,39,0,0,0,0
2020-09-18,21.5,62,109,17,6,,,0,0,0,0,0
2020-09-19,21.2,59.3,106,4,6,,,0,0,0,0,0
2020-09-20,19.7,57.6,72,10,6,,,0,0,0,0,0
2020-09-21,19.1,56.1,55,15,6,,,0,0,0,0,0
2020-09-22,20.2,55.3,50,11,6,,,0,0,0,0,0
2020-09-23,19.2,59.9,99,11,6,,,1,0,0,0,0
2020-09-24,20.6,59.6,109,16,6,,,2,0,0,0,0
2020-09-25,20.1,64.1,95,19,6,,,3,0,0,0,0
2020-09-26,19.3,62.5,49,12,6,,,4,0,0,0,0
2020-09-27,20.4,63.3,73,22,6,,,5,0,0,0,0
2020-09-28,20.7,66,40,10,6,,,6,0,0,0,0
2020-09-29,19.6,67.6,23,15,6,,,7,0,0,0,0
2020-09-30,19.6,78,94,19,6,,,8,0,0,0,0
2020-10-01,18.8,74.9,67,10,6,,,9,0,0,0,0
2020-10-02,19.2,79.6,53,10,6,,,10,0,0,0,0
2020-10-03,19.9,72.5,52,23,6,,,11,0,0,0,0
2020-10-04,16.6,65.1,47,17,6,,,12,0,0,0,0
2020-10-05,13.3,57.3,64,9,6,,,13,0,0,0,0
2020-10-06,14.2,55.9,66,9,6,,,14,0,0,0,0
2020-10-07,16,48.9,94,20,6,,,15,0,0,0,0
2020-10-08,17.2,53,60,9,6,,,16,0,0,0,0
2020-10-09,17.2,53.4,38,16,6,,,17,0,0,0,0
2020-10-10,16.9,60.1,61,11,6,,,18,0,0,0,0
2020-10-11,16.9,68.5,46,12,6,,,19,0,0,0,0
2020-10-12,16.2,68.6,69,29,6,,,20,0,0,0,0
2020-10-13,13.6,52.3,69,22,6,,,21,0,0,0,0
2020-10-14,12.8,47,53,31,6,,,22,0,0,0,0
2020-10-15,11.7,41.8,95,15,6,,,23,0,0,0,0
2020-10-16,11.8,64.3,41,6,6,,,24,0,0,0,0
2020-10-17,13.1,64.3,62,11,6,,,25,0,0,0,0
2020-10-18,13.6,65.5,71,20,6,,,26,0,0,0,0
2020-10-19,15.1,74.4,50,26,6,,,27,0,0,0,0
2020-10-20,15.2,67.1,41,17,6,,,28,0,0,0,0
2020-10-21,14.1,69.4,57,32,6,,,29,0,0,0,0
2020-10-22,13.5,66,104,17,6,,,30,0,0,0,0
2020-10-23,8.6,51.5,138,17,6,,,31,0,0,0,0
2020-10-24,8.7,47.6,66,11,6,,,32,0,0,0,0
2020-10-25,11.8,62.5,50,11,6,,,33,0,0,0,0
2020-10-26,12.9,71.6,94,25,6,,,34,0,0,0,0
2020-10-27,14,74.1,72,16,6,,,35,0,0,0,0
2020-10-28,13.8,52.1,96,7,6,,,36,0,0,0,0
2020-10-29,10.8,40.3,107,18,6,,,37,0,0,0,0
2020-10-30,11.9,42.9,93,20,6,,,38,0,0,0,0
2020-10-31,13.6,60.3,96,31,6,,,39,0,0,0,0
2020-11-01,13.7,84.3,101,23,6,,,40,0,0,0,0
2020-11-02,10.8,58.3,79,18,6,,,41,0,0,0,0
2020-11-03,5.1,47.5,46,29,6,,,42,0,0,0,0
2020-11-04,4.9,43.9,98,19,6,,,43,0,0,0,0
2020-11-05,9.6,61.5,108,17,6,,,44,0,0,0,0
2020-11-06,13.5,63.3,117,28,6,,,45,0,0,0,0
2020-11-07,14.6,68.8,72,17,6,,,46,0,0,0,0
2020-11-08,8.5,43.8,118,25,6,,,47,0,0,0,0
2020-11-09,5.5,40.9,99,27,6,,,48,0,0,0,0
2020-11-10,7.7,56.1,71,29,6,,,49,0,0,0,0
2020-11-11,9.3,53.5,113,32,6,,,50,0,0,0,0
2020-11-12,10.4,56.9,128,15,6,,,51,0,0,0,0
2020-11-13,12.2,71.5,162,29,6,,,52,0,0,0,0
2020-11-14,12.5,66.9,166,39,6,,,53,0,0,0,0
2020-11-15,11.1,75,176,32,6,,,54,0,0,0,0
2020-11-16,12.4,70.1,192,30,6,,,55,0,0,0,0
2020-11-17,15.9,67.5,202,28,6,,,56,0,0,0,0
2020-11-18,16.6,91.4,245,40,6,,,57,0,0,0,0
2020-11-19,13.6,90.5,293,32,6,,,58,0,0,0,0
2020-11-20,2.8,74.3,320,28,6,,,0,0,0,0,0
2020-11-21,6.5,67.9,361,25,6,,,0,0,0,0,0
2020-11-22,5.6,80.5,302,28,6,,,0,0,0,0,0
2020-11-23,1.7,61.4,255,16,6,,,0,0,0,0,0
2020-11-24,2.9,54.5,318,31,6,,,1,0,0,0,0
2020-11-25,4.6,64.1,363,19,6,,,2,0,0,0,0
2020-11-26,5.6,66.5,552,29,6,,,3,0,0,0,0
2020-11-27,4.1,61.6,525,30,6,,,4,0,0,0,0
2020-11-28,-0.1,50,486,17,6,,,5,0,0,0,0
2020-11-29,-0.6,59.6,413,37,6,,,6,0,0,0,0
2020-11-30,-0.2,57.8,414,24,6,,,7,0,0,0,0
2020-12-01,1.1,44.5,420,31,6,,,8,0,0,0,0
2020-12-02,2.4,41.4,492,19,6,,,9,0,0,0,0
2020-12-03,0.7,47.1,516,24,6,,,10,0,0,0,0
2020-12-04,-0.6,53.8,600,28,6,,,11,0,0,0,0
2020-12-05,2.1,63.1,559,18,6,,,12,0,0,0,0
2020-12-06,4.5,66.9,599,32,6,,,13,0,0,0,0
2020-12-07,3.4,57.5,580,35,6,,,14,0,0,0,0
2020-12-08,-0.5,50,561,26,6,,,15,0,0,0,0
2020-12-09,1.5,55.1,646,24,6,,,16,0,0,0,0
2020-12-10,5.8,69.9,643,37,6,,,17,0,0,0,0
2020-12-11,5.3,77.1,673,16,6,,,18,0,0,0,0
2020-12-12,2.3,51.3,928,22,6,,,19,0,0,0,0
2020-12-13,-1.1,74.9,"1,000",30,6,,,20,0,0,0,0
2020-12-14,-7.7,49.1,682,36,6,,,21,0,0,0,0
2020-12-15,-8.3,43,848,32,6,,,22,0,0,0,0
2020-12-16,-8.3,43.9,"1,054",24,6,,,23,0,0,0,0
2020-12-17,-4.9,47,994,20,6,,,24,0,0,0,0
2020-12-18,-2.1,57,"1,038",26,6,,,25,0,0,0,0
2020-12-19,-5.1,45.1,"1,024",21,6,,,26,0,0,0,0
2020-12-20,-3.7,50.4,"1,072",25,6,,,27,0,0,0,0
2020-12-21,-1,64.1,891,33,6,,,28,0,0,0,0
2020-12-22,2,67.6,821,45,6,,,29,0,0,0,0
2020-12-23,4.5,76.6,"1,058",32,6,,,30,0,0,0,0
2020-12-24,2.6,61.5,955,30,4,,,0,0,0,0,0
2020-12-25,-0.8,51.9,"1,215",25,4,,,0,0,0,0,0
2020-12-26,2.2,65.8,"1,103",28,4,,,0,0,0,0,0
2020-12-27,5.8,62.9,946,24,4,,,0,0,0,0,0
2020-12-28,6.7,72.1,786,20,4,,,1,0,0,0,0
2020-12-29,0.1,70.8,"1,028",16,4,,,2,0,0,0,0
2020-12-30,-10.9,55.5,"1,025",25,4,,,3,0,0,0,0
2020-12-31,-8.9,53.9,940,27,4,,,0,0,0,0,0
2021-01-01,-4.2,64,"1,002",25,4,,,0,0,0,0,0
2021-01-02,-5,38.5,784,36,4,,,0,0,0,0,0
2021-01-03,-5.6,45,641,16,4,,,0,0,0,0,0
2021-01-04,-3.5,51.4,986,34,4,,,1,0,0,0,0
2021-01-05,-5.5,52.8,672,42,4,,,2,0,0,0,0
2021-01-06,-7.4,54.6,807,31,4,,,3,0,0,0,0
2021-01-07,-14.5,49.9,832,37,4,,,4,0,0,0,0
2021-01-08,-14.9,44,632,42,4,,,5,0,0,0,0
2021-01-09,-12.2,46.3,596,45,4,,,6,0,0,0,0
2021-01-10,-7.7,54.4,623,34,4,,,7,0,0,0,0
2021-01-11,-6.7,62.1,419,32,4,,,8,0,0,0,0
2021-01-12,-3.9,79.5,510,27,4,,,9,0,0,0,0
2021-01-13,2,80.3,535,26,4,,,10,0,0,0,0
2021-01-14,1.7,46.5,496,28,4,,,11,0,0,0,0
2021-01-15,4.5,67.4,483,29,4,,,12,0,0,0,0
2021-01-16,-4.9,59.3,547,33,4,,,13,0,0,0,0
2021-01-17,-5.5,58.5,500,20,4,,,14,0,0,0,0
2021-01-18,-3.8,64.3,366,23,4,,,15,0,0,0,0
2021-01-19,-6.3,37.9,351,35,4,,,16,0,0,0,0
2021-01-20,-0.1,37.8,373,31,4,,,17,0,0,0,0
2021-01-21,4.5,64.4,381,19,4,,,18,0,0,0,0
2021-01-22,5.5,92.9,314,32,4,,,19,0,0,0,0
2021-01-23,7.6,66,403,28,4,,,20,0,0,0,0
2021-01-24,7.3,63.9,369,23,4,,,21,0,0,0,0
2021-01-25,7.9,62,405,32,4,,,22,0,0,0,0
2021-01-26,5.3,80.4,333,16,4,,,23,0,0,0,0
2021-01-27,1.7,47.6,516,43,4,,,24,0,0,0,0
2021-01-28,-2.6,52.3,479,18,4,,,25,0,0,0,0
2021-01-29,-8.8,40,445,24,4,,,26,0,0,0,0
2021-01-30,-1.6,60,421,35,4,,,27,0,0,0,0
2021-01-31,3.2,57,323,31,4,,,28,0,0,0,0
2021-02-01,5,74.5,285,20,4,,,29,0,0,0,0
2021-02-02,-5.6,44.1,295,41,4,,,30,0,0,0,0
2021-02-03,-3.2,64.6,433,34,4,,,31,0,0,0,0
2021-02-04,-3.6,50.1,429,22,4,,,32,0,0,0,0
2021-02-05,1.4,71.8,350,20,4,,,33,0,0,0,0
2021-02-06,6.8,80.4,362,28,4,,,34,0,0,0,0
2021-02-07,3.6,67,325,46,4,,,35,0,0,0,0
2021-02-08,-3.1,43.6,264,24,4,,,36,0,0,0,0
2021-02-09,-0.9,51.9,273,30,4,,,37,0,0,0,0
2021-02-10,3.4,75.1,414,30,4,,,38,0,0,0,0
2021-02-11,5.5,71.5,467,37,4,,,0,0,0,0,0
2021-02-12,6.5,60.6,384,19,4,,,0,0,0,0,0
2021-02-13,7.6,50.6,345,17,4,,,0,0,0,0,0
2021-02-14,9.5,47.6,304,22,4,,,0,0,0,0,0
2021-02-15,1.2,65.1,322,21,4,,,1,0,0,0,0
2021-02-16,-5.1,57.9,429,28,4,,,2,0,0,0,0
2021-02-17,-8.3,44.1,590,31,4,,,3,0,0,0,0
2021-02-18,-5.8,44.9,590,31,4,,,4,0,0,0,0
2021-02-19,1.6,66.9,533,28,4,,,5,0,0,0,0
2021-02-20,8.8,60.4,416,32,4,,,6,0,0,0,0
2021-02-21,10.8,66.6,391,25,4,,,7,0,0,0,0
2021-02-22,7.8,58.3,313,19,4,,,8,0,0,0,0
2021-02-23,0,34,329,27,4,,,9,0,0,0,0
2021-02-24,2.9,33,417,23,4,,,10,0,0,0,0
2021-02-25,4.2,35.1,368,27,4,,,11,0,0,0,0
2021-02-26,8.2,35,363,24,4,,,0,18489,0,0,0
2021-02-27,9.5,48.6,405,10,4,,,0,20022,300,0,0
2021-02-28,7.8,49,333,22,4,,,0,20613,564,0,0
2021-03-01,4.7,91,338,17,4,,,0,22191,895,0,0
2021-03-02,2.3,75.9,319,25,4,,,1,85904,1524,0,0
2021-03-03,4.4,64.4,426,18,4,,,2,151679,2742,0,0
2021-03-04,7.2,62.4,401,23,4,,,3,221944,3909,0,0
2021-03-05,9,70.3,381,17,4,,,4,291131,5249,0,0
2021-03-06,6.6,69.5,404,14,4,,,5,309387,5269,0,0
2021-03-07,6.2,62.9,398,18,4,,,6,311583,5282,0,0
2021-03-08,7,60.3,335,11,4,,,7,377138,6208,0,0
2021-03-09,6.6,58.5,427,19,4,,,8,438890,8051,0,0
2021-03-10,8.8,61.8,452,18,4,,,9,487704,12931,0,0
2021-03-11,10.2,50.8,444,21,4,,,10,526414,19863,0,0
2021-03-12,10.5,57,467,21,4,,,11,558299,25359,0,0
2021-03-13,9.2,62.8,474,16,4,,,12,561785,26099,0,0
2021-03-14,9.1,71.4,436,23,4,,,13,562816,26142,0,0
2021-03-15,10.6,68.8,367,12,4,,,14,575289,26861,0,0
2021-03-16,8.4,52.5,345,18,4,,,15,587996,33738,0,0
2021-03-17,8.8,44.9,452,17,4,,,16,598353,42978,0,0
2021-03-18,11.7,50.1,427,18,4,,,17,608098,51377,0,0
2021-03-19,15.3,47.9,441,22,4,,,18,618852,56574,0,0
2021-03-20,9.9,74.6,435,12,4,,,19,619100,57800,0,0
2021-03-21,5.8,65.9,437,19,4,,,20,619100,58100,0,0
2021-03-22,6.2,55.3,396,19,4,,,21,622437,59006,0,0
2021-03-23,9.1,63.5,331,15,4,,,22,643724,61386,0,0
2021-03-24,10.8,61.5,411,17,4,,,23,673183,62632,0,0
2021-03-25,11.9,68.5,419,11,4,,,24,707481,63803,0,0
2021-03-26,12.6,58.4,466,23,4,,,25,732056,65450,0,0
2021-03-27,12.1,70.9,490,15,4,,,26,733562,65528,0,0
2021-03-28,9,95.8,462,20,4,,,27,733586,65612,0,0
2021-03-29,10.2,62.3,369,13,4,,,28,761771,66828,0,0
2021-03-30,10.8,47.3,429,18,4,,,29,791454,68933,0,0
2021-03-31,14.5,41,491,15,4,,,30,815769,73777,0,0
2021-04-01,17.7,33,537,14,4,,,31,834226,99698,0,0
2021-04-02,17.8,35.6,532,25,4,,,32,834226,99698,0,0
2021-04-03,14.9,80.8,521,22,4,,,33,855929,133452,0,0
2021-04-04,11.9,65.8,514,29,4,,,34,856006,134088,0,0
2021-04-05,11.9,47.9,449,24,4,,,35,870724,156837,0,0
2021-04-06,13.9,50.9,459,18,4,,,36,887452,185028,0,0
2021-04-07,14.1,47.5,653,15,4,,,37,903074,215147,0,0
2021-04-08,13,34,674,26,4,,,38,911228,254574,0,0
2021-04-09,13.6,39.3,644,27,4,,,39,916119,291363,0,0
2021-04-10,12.6,50,662,15,4,,,40,916780,300680,0,0
2021-04-11,15,45.4,594,20,4,,,41,916780,300986,0,0
2021-04-12,13.8,70.4,560,27,4,,,42,924027,331872,0,0
2021-04-13,10.4,74,528,14,4,,,43,936448,363184,0,0
2021-04-14,8.4,58.5,714,17,4,,,44,951712,394766,0,0
2021-04-15,11.6,62.3,670,28,4,,,45,971984,468240,0,0
2021-04-16,11.3,60,652,21,4,,,46,998736,544810,0,0
2021-04-17,9.6,56.6,630,28,4,,,47,1000243,572845,0,0
2021-04-18,9.9,64.3,648,23,4,,,48,1000266,577709,0,0
2021-04-19,12.2,65.3,512,20,4,,,49,1043465,656611,0,0
2021-04-20,14.8,55.1,529,20,4,,,50,1093182,738822,0,0
2021-04-21,19.1,43.1,692,39,4,,,51,1141162,823227,0,0
2021-04-22,20.9,37.9,715,20,4,,,52,1194726,919974,0,0
2021-04-23,19,41.4,758,39,4,,,53,1277785,1016474,0,0
2021-04-24,18.3,43,759,26,4,,,54,1312004,1053173,0,0
2021-04-25,18.2,50,603,41,4,,,55,1313131,1058662,0,0
2021-04-26,16.2,51.8,469,30,4,,,56,1370849,1165629,0,0
2021-04-27,15.4,62.4,477,35,4,,,57,1444022,1291029,0,0
2021-04-28,14.5,64.1,748,21,4,,,58,1534425,1443090,0,0
2021-04-29,14.6,54.1,648,31,4,,,59,1640619,1614119,0,0
2021-04-30,11.3,81.8,642,19,4,,,60,1775732,1778670,0,0
2021-05-01,10.2,80.8,593,34,4,,,61,1829425,1801867,0,0
2021-05-02,12.4,67.9,585,21,4,,,62,1829923,1803430,0,0
2021-05-03,14.1,56.4,465,23,4,,,63,1864176,1869764,0,0
2021-05-04,13.8,82.6,514,27,4,,,64,1897179,1931027,0,0
2021-05-05,13.9,64.4,650,26,4,,,0,1922778,1961051,0,0
2021-05-06,15.7,46.4,562,12,4,,,1,1960799,2045007,0,0
2021-05-07,14.4,60.3,509,16,4,,,2,2005438,2131143,0,0
2021-05-08,14.3,66.1,672,29,4,,,3,2014746,2161475,0,0
2021-05-09,15.7,51.3,522,42,4,,,4,2014788,2166215,0,0
2021-05-10,13.2,67.9,436,27,4,,,5,2014788,2166215,0,0
2021-05-11,18.5,48.9,483,27,4,,,6,2014788,2166215,0,0
2021-05-12,22,39.5,612,22,4,,,7,2028257,2335213,0,0
2021-05-13,22.9,54.4,692,23,4,,,8,2028257,2335213,0,0
2021-05-14,24.1,60.3,729,18,4,,,9,2028257,2335213,0,0
2021-05-15,22.1,79.5,661,20,4,,,10,2050141,2586500,0,0
2021-05-16,18.4,97.6,572,38,4,,,11,2051818,2617335,0,0
2021-05-17,15.3,93,597,22,4,,,12,2051821,2622330,0,0
2021-05-18,17.9,70.5,506,22,4,,,13,2068500,2717076,0,0
2021-05-19,19.9,52.3,637,17,4,,,0,2111708,2827631,0,0
2021-05-20,18.7,59.8,619,27,4,,,1,2112676,2921474,0,0
2021-05-21,16,86.5,542,19,4,,,2,2180870,3074571,0,0
2021-05-22,18.6,69.3,633,33,4,,,3,2273178,3221920,0,0
2021-05-23,19.5,64.4,570,15,4,,,4,2290182,3244915,0,0
2021-05-24,19.4,61,505,25,4,,,5,2290661,3248579,0,0
2021-05-25,15.3,72.3,481,35,4,,,6,2352221,3363232,0,0
2021-05-26,18,58.5,684,21,4,,,7,2415901,3472091,0,0
2021-05-27,15.8,83,620,9,4,,,8,2473503,3570160,0,0
2021-05-28,15.3,86,571,16,4,,,9,3093204,3664193,0,0
2021-05-29,15.4,79.8,505,28,4,,,10,3615429,3752254,0,0
2021-05-30,18.4,73,464,16,4,,,11,3772141,3770167,0,0
2021-05-31,19.9,78.9,411,19,4,,,12,3772342,3770897,0,0
2021-06-01,20.2,74.6,449,10,4,,,13,4081758,3881081,0,0
2021-06-02,23.2,64.4,654,23,4,,,14,4563031,3993491,0,0
2021-06-03,19.1,80.8,672,9,4,,,15,4860569,4102152,0,0
2021-06-04,18.5,69.4,674,21,4,,,16,5131866,4201434,0,0
2021-06-05,20.8,68.1,725,19,4,,,17,5440690,4292173,0,0
2021-06-06,23,69.6,541,15,4,,,18,5558729,4315939,0,0
2021-06-07,21.1,71.5,454,31,4,,,19,5561770,4116699,0,0
2021-06-08,23.6,69.6,435,19,4,,,20,6320870,4434782,0,0
2021-06-09,25.8,59.1,581,21,4,,,21,6948977,4578628,0,0
2021-06-10,24.9,68.5,593,17,4,,,22,7438057,4705591,0,0
2021-06-11,21.5,84.5,541,15,4,,,23,7874148,4823817,251787,0
2021-06-12,24.2,74.6,525,40,4,,,24,8427802,4925852,453732,0
2021-06-13,24.8,72.6,419,33,4,,,25,8686025,4974697,566847,0
2021-06-14,24.8,68.8,360,39,4,,,26,8701639,4975713,578529,0
2021-06-15,22.5,79.1,347,26,4,,,27,9280180,5045986,750918,0
2021-06-16,24.3,59.9,522,23,4,,,28,9788975,5172732,863938,0
2021-06-17,21.9,71.4,523,17,4,,,29,10156105,5306752,1041512,0
2021-06-18,20,92.1,485,22,4,,,30,10542065,5440758,1067466,0
2021-06-19,22.3,74,456,26,4,,,31,11007786,5576648,1098251,0
2021-06-20,22.9,73.3,380,49,4,,,32,11197574,5630806,1115343,0
2021-06-21,23.6,67,317,40,4,,,33,11197825,5633112,1115864,0
2021-06-22,22.8,67.9,350,44,4,,,34,11217136,5747225,1121329,512
2021-06-23,22.4,70.5,605,40,4,,,35,11237646,5904195,1123956,1384
2021-06-24,23,71.1,576,34,4,,,36,11257242,6051566,1125361,4085
2021-06-25,24.1,69,602,32,4,,,37,11274359,6187899,1125920,7606
2021-06-26,22.8,78.5,611,57,4,,,38,11290982,6321710,1126366,16719
2021-06-27,24.5,72.1,570,44,4,,,39,11292954,6370065,1126471,17466
2021-06-28,23.7,76.4,472,29,4,,,40,11292955,6370878,1126477,17466
2021-06-29,23.9,78.6,560,35,4,,,41,11303320,6483127,1126969,22130
2021-06-30,24.3,77.9,759,35,4,,,42,11317099,6624203,1127694,30026
2021-07-01,26.3,70.9,711,50,4,,,43,11330236,6754771,1128444,35706
2021-07-02,27.1,64.1,765,60,4,,,44,11345106,6857520,1128962,36823
2021-07-03,22.6,80,748,46,4,,,45,11364859,6955020,1129436,38309
2021-07-04,21.4,96.8,662,81,4,,,46,11366200,7002955,1129439,39118
2021-07-05,23.3,80.3,644,67,4,,,47,11366308,7004512,1129439,39118
2021-07-06,25.3,73.4,690,56,4,,,48,11406953,7061336,1129448,42403
2021-07-07,26.4,78.5,"1,168",44,4,,,49,11450475,7147227,1129466,46568
2021-07-08,26,81.6,"1,227",48,4,,,50,11494331,7225180,1129470,50688
2021-07-09,25.5,77.3,"1,236",80,4,,,51,11545480,7308515,1129676,55505
2021-07-10,25.9,80.4,"1,320",58,4,,,52,11630101,7423778,1129686,62062
2021-07-11,25.7,86.8,"1,280",44,4,,,53,11662542,7473842,1129686,62245
2021-07-12,28.1,75.1,"1,063",37,2,,,54,11663664,7475065,1129686,62245
2021-07-13,28.8,76.1,"1,097",53,2,,,55,11716659,7520328,1129688,62313
2021-07-14,29.7,71.4,"1,568",47,2,,,56,11785016,7675969,1129689,62450
2021-07-15,,,"1,555",45,,,,57,11866938,7831265,1129689,63147
2021-07-16,,,,,,,,,11968276,7996460,1129702,63174
